Die X	Die Y	Yield
0	-6	98.0
-3	-5	98.6
-2	-5	98.2
-1	-5	98.7
0	-5	98.3
1	-5	98.8
2	-5	98.4
3	-5	98.0
-4	-4	98.4
-3	-4	98.0
-2	-4	98.5
-1	-4	98.1
0	-4	98.6
1	-4	98.2
2	-4	98.7
3	-4	98.3
4	-4	98.8
-5	-3	98.2
-4	-3	98.7
-3	-3	98.3
-2	-3	98.8
-1	-3	98.4
0	-3	98.0
1	-3	98.5
2	-3	98.1
3	-3	98.6
4	-3	98.2
5	-3	98.7
-5	-2	98.5
-4	-2	98.1
-3	-2	98.6
-2	-2	98.2
-1	-2	98.7
0	-2	98.3
1	-2	98.8
2	-2	98.4
3	-2	98.0
4	-2	98.5
5	-2	98.1
-5	-1	98.8
-4	-1	98.4
-3	-1	98.0
-2	-1	98.5
-1	-1	98.1
0	-1	98.6
1	-1	98.2
2	-1	98.7
3	-1	98.3
4	-1	98.8
5	-1	98.4
-6	0	98.6
-5	0	98.2
-4	0	98.7
-3	0	98.3
-2	0	98.8
-1	0	98.4
0	0	98.0
1	0	98.5
2	0	98.1
3	0	98.6
4	0	98.2
5	0	98.7
6	0	98.3
-5	1	98.5
-4	1	98.1
-3	1	91.6
-2	1	91.6
-1	1	98.7
0	1	98.3
1	1	98.8
2	1	98.4
3	1	98.0
4	1	98.5
5	1	98.1
-5	2	98.8
-4	2	98.4
-3	2	91.3
-2	2	91.3
-1	2	98.1
0	2	98.6
1	2	98.2
2	2	98.7
3	2	98.3
4	2	98.8
5	2	98.4
-5	3	98.2
-4	3	98.7
-3	3	91.7
-2	3	91.7
-1	3	98.4
0	3	98.0
1	3	98.5
2	3	98.1
3	3	98.6
4	3	98.2
5	3	98.7
-4	4	98.1
-3	4	98.6
-2	4	98.2
-1	4	98.7
0	4	98.3
1	4	98.8
2	4	98.4
3	4	98.0
4	4	98.5
-3	5	98.0
-2	5	98.5
-1	5	98.1
0	5	98.6
1	5	98.2
2	5	98.7
3	5	98.3
0	6	98.0
