Week	Cohort	Conversion
Week 01	Control	8.000
Week 01	Treatment	8.200
Week 02	Control	8.045
Week 02	Treatment	8.345
Week 03	Control	8.091
Week 03	Treatment	8.491
Week 04	Control	8.136
Week 04	Treatment	8.636
Week 05	Control	8.182
Week 05	Treatment	8.782
Week 06	Control	8.227
Week 06	Treatment	8.927
Week 07	Control	8.273
Week 07	Treatment	9.073
Week 08	Control	8.318
Week 08	Treatment	9.218
Week 09	Control	8.364
Week 09	Treatment	9.364
Week 10	Control	8.409
Week 10	Treatment	9.509
Week 11	Control	8.455
Week 11	Treatment	9.655
Week 12	Control	8.500
Week 12	Treatment	9.800
