category,element,canonical_engine,wave,relationship,Visual Polish & Reference Fidelity,Hierarchy & Legibility,Dynamic Geometry / Responsiveness,Interaction & Convenience,Functional Completeness,Programmatic Architecture,Runtime Robustness / Edge Cases,Semantic / Data Integrity,Consistency / Reuse / Tokens,Accessibility / Keyboard / Motion,Output / PPT Readiness,QA / Test Depth,baseline_score,overall_score,delta,evidence_maturity,remaining_known_deficiency
Layout / Composition,Smart Canvas,SmartLayoutEngine,1,variant of canonical engine,95.5,96.5,98.0,97.0,97.5,98.0,98.0,98.5,97.0,97.5,96.5,98.0,79.7,97.3,17.6,Tier 4 — production runtime + integrated regression evidence,No known internally controllable deficiency against the 95+ approval contract; exact Golden NiceGUI shell integration remains external/deferred.
Layout / Composition,Smart Group,SmartLayoutEngine,1,variant of canonical engine,95.5,96.5,98.0,97.0,97.5,98.0,98.0,98.5,97.0,97.5,96.5,98.0,79.7,97.3,17.6,Tier 4 — production runtime + integrated regression evidence,No known internally controllable deficiency against the 95+ approval contract; exact Golden NiceGUI shell integration remains external/deferred.
Layout / Composition,Horizontal Stack,SmartLayoutEngine,1,variant of canonical engine,95.5,96.5,98.0,97.0,97.5,98.0,98.0,98.5,97.0,97.5,96.5,98.0,79.7,97.3,17.6,Tier 4 — production runtime + integrated regression evidence,No known internally controllable deficiency against the 95+ approval contract; exact Golden NiceGUI shell integration remains external/deferred.
Layout / Composition,Vertical Stack,SmartLayoutEngine,1,variant of canonical engine,95.5,96.5,98.0,97.0,97.5,98.0,98.0,98.5,97.0,97.5,96.5,98.0,79.7,97.3,17.6,Tier 4 — production runtime + integrated regression evidence,No known internally controllable deficiency against the 95+ approval contract; exact Golden NiceGUI shell integration remains external/deferred.
Layout / Composition,Adaptive Split,SmartLayoutEngine,1,variant of canonical engine,95.5,96.5,98.0,97.0,97.5,98.0,98.0,98.5,97.0,97.5,96.5,98.0,79.7,97.3,17.6,Tier 4 — production runtime + integrated regression evidence,No known internally controllable deficiency against the 95+ approval contract; exact Golden NiceGUI shell integration remains external/deferred.
Layout / Composition,Side Rail,SmartLayoutEngine,1,variant of canonical engine,95.5,96.5,98.0,97.0,97.5,98.0,98.0,98.5,97.0,97.5,96.5,98.0,78.4,97.3,18.9,Tier 4 — production runtime + integrated regression evidence,No known internally controllable deficiency against the 95+ approval contract; exact Golden NiceGUI shell integration remains external/deferred.
Layout / Composition,Floating Inspector Surface,SmartLayoutEngine,1,variant of canonical engine,95.5,96.5,98.0,97.0,97.5,98.0,98.0,98.5,97.0,97.5,96.5,98.0,78.4,97.3,18.9,Tier 4 — production runtime + integrated regression evidence,No known internally controllable deficiency against the 95+ approval contract; exact Golden NiceGUI shell integration remains external/deferred.
Layout / Composition,Overlay Layer,SmartLayoutEngine,1,variant of canonical engine,95.5,96.5,98.0,97.0,97.5,98.0,98.0,98.5,97.0,97.5,96.5,98.0,78.4,97.3,18.9,Tier 4 — production runtime + integrated regression evidence,No known internally controllable deficiency against the 95+ approval contract; exact Golden NiceGUI shell integration remains external/deferred.
Layout / Composition,Inset Region,SmartLayoutEngine,1,variant of canonical engine,95.5,96.5,98.0,97.0,97.5,98.0,98.0,98.5,97.0,97.5,96.5,98.0,78.4,97.3,18.9,Tier 4 — production runtime + integrated regression evidence,No known internally controllable deficiency against the 95+ approval contract; exact Golden NiceGUI shell integration remains external/deferred.
Layout / Composition,Section Divider,SmartLayoutEngine,1,variant of canonical engine,95.5,96.5,98.0,97.0,97.5,98.0,98.0,98.5,97.0,97.5,96.5,98.0,78.4,97.3,18.9,Tier 4 — production runtime + integrated regression evidence,No known internally controllable deficiency against the 95+ approval contract; exact Golden NiceGUI shell integration remains external/deferred.
Layout / Composition,Spacer / Rhythm Element,SmartLayoutEngine,1,variant of canonical engine,95.5,96.5,98.0,97.0,97.5,98.0,98.0,98.5,97.0,97.5,96.5,98.0,78.4,97.3,18.9,Tier 4 — production runtime + integrated regression evidence,No known internally controllable deficiency against the 95+ approval contract; exact Golden NiceGUI shell integration remains external/deferred.
Layout / Composition,Responsive Grid Group,SmartLayoutEngine,1,variant of canonical engine,95.5,96.5,98.0,97.0,97.5,98.0,98.0,98.5,97.0,97.5,96.5,98.0,79.7,97.3,17.6,Tier 4 — production runtime + integrated regression evidence,No known internally controllable deficiency against the 95+ approval contract; exact Golden NiceGUI shell integration remains external/deferred.
Layout / Composition,Masonry Group,SmartLayoutEngine,1,variant of canonical engine,95.5,96.5,98.0,97.0,97.5,98.0,98.0,98.5,97.0,97.5,96.5,98.0,78.4,97.3,18.9,Tier 4 — production runtime + integrated regression evidence,No known internally controllable deficiency against the 95+ approval contract; exact Golden NiceGUI shell integration remains external/deferred.
Layout / Composition,Tabs / View Switcher,SmartLayoutEngine,1,variant of canonical engine,95.5,96.5,98.0,97.0,97.5,98.0,98.0,98.5,97.0,97.5,96.5,98.0,79.7,97.3,17.6,Tier 4 — production runtime + integrated regression evidence,No known internally controllable deficiency against the 95+ approval contract; exact Golden NiceGUI shell integration remains external/deferred.
Layout / Composition,Accordion Detail,SmartLayoutEngine,1,variant of canonical engine,95.5,96.5,98.0,97.0,97.5,98.0,98.0,98.5,97.0,97.5,96.5,98.0,79.7,97.3,17.6,Tier 4 — production runtime + integrated regression evidence,No known internally controllable deficiency against the 95+ approval contract; exact Golden NiceGUI shell integration remains external/deferred.
Typography / Narrative,Hero Title,TextEngine,2,variant of canonical engine,95.5,96.5,97.0,96.0,96.0,98.0,97.0,98.5,97.0,96.5,96.5,98.0,77.3,96.8,19.5,Tier 4 — production runtime + integrated regression evidence,No known internally controllable deficiency against the 95+ approval contract; exact Golden NiceGUI shell integration remains external/deferred.
Typography / Narrative,Section Heading,TextEngine,2,variant of canonical engine,95.5,96.5,97.0,96.0,96.0,98.0,97.0,98.5,97.0,96.5,96.5,98.0,77.3,96.8,19.5,Tier 4 — production runtime + integrated regression evidence,No known internally controllable deficiency against the 95+ approval contract; exact Golden NiceGUI shell integration remains external/deferred.
Typography / Narrative,Eyebrow / Kicker,TextEngine,2,variant of canonical engine,95.5,96.5,97.0,96.0,96.0,98.0,97.0,98.5,97.0,96.5,96.5,98.0,77.3,96.8,19.5,Tier 4 — production runtime + integrated regression evidence,No known internally controllable deficiency against the 95+ approval contract; exact Golden NiceGUI shell integration remains external/deferred.
Typography / Narrative,Executive Statement,TextEngine,2,variant of canonical engine,95.5,96.5,97.0,96.0,96.0,98.0,97.0,98.5,97.0,96.5,96.5,98.0,77.3,96.8,19.5,Tier 4 — production runtime + integrated regression evidence,No known internally controllable deficiency against the 95+ approval contract; exact Golden NiceGUI shell integration remains external/deferred.
Typography / Narrative,Body Narrative,TextEngine,2,variant of canonical engine,95.5,96.5,97.0,96.0,96.0,98.0,97.0,98.5,97.0,96.5,96.5,98.0,77.3,96.8,19.5,Tier 4 — production runtime + integrated regression evidence,No known internally controllable deficiency against the 95+ approval contract; exact Golden NiceGUI shell integration remains external/deferred.
Typography / Narrative,Key Takeaway,TextEngine,2,variant of canonical engine,95.5,96.5,97.0,96.0,96.0,98.0,97.0,98.5,97.0,96.5,96.5,98.0,77.3,96.8,19.5,Tier 4 — production runtime + integrated regression evidence,No known internally controllable deficiency against the 95+ approval contract; exact Golden NiceGUI shell integration remains external/deferred.
Typography / Narrative,Numbered Insight,TextEngine,2,variant of canonical engine,95.5,96.5,97.0,96.0,96.0,98.0,97.0,98.5,97.0,96.5,96.5,98.0,76.0,96.8,20.8,Tier 4 — production runtime + integrated regression evidence,No known internally controllable deficiency against the 95+ approval contract; exact Golden NiceGUI shell integration remains external/deferred.
Typography / Narrative,Quote / Voice,TextEngine,2,variant of canonical engine,95.5,96.5,97.0,96.0,96.0,98.0,97.0,98.5,97.0,96.5,96.5,98.0,76.0,96.8,20.8,Tier 4 — production runtime + integrated regression evidence,No known internally controllable deficiency against the 95+ approval contract; exact Golden NiceGUI shell integration remains external/deferred.
Typography / Narrative,Annotation,TextEngine,2,variant of canonical engine,95.5,96.5,97.0,96.0,96.0,98.0,97.0,98.5,97.0,96.5,96.5,98.0,77.3,96.8,19.5,Tier 4 — production runtime + integrated regression evidence,No known internally controllable deficiency against the 95+ approval contract; exact Golden NiceGUI shell integration remains external/deferred.
Typography / Narrative,Footnote / Source,TextEngine,2,variant of canonical engine,95.5,96.5,97.0,96.0,96.0,98.0,97.0,98.5,97.0,96.5,96.5,98.0,77.3,96.8,19.5,Tier 4 — production runtime + integrated regression evidence,No known internally controllable deficiency against the 95+ approval contract; exact Golden NiceGUI shell integration remains external/deferred.
Typography / Narrative,Definition Block,TextEngine,2,variant of canonical engine,95.5,96.5,97.0,96.0,96.0,98.0,97.0,98.5,97.0,96.5,96.5,98.0,76.0,96.8,20.8,Tier 4 — production runtime + integrated regression evidence,No known internally controllable deficiency against the 95+ approval contract; exact Golden NiceGUI shell integration remains external/deferred.
Typography / Narrative,Callout,TextEngine,2,variant of canonical engine,95.5,96.5,97.0,96.0,96.0,98.0,97.0,98.5,97.0,96.5,96.5,98.0,77.3,96.8,19.5,Tier 4 — production runtime + integrated regression evidence,No known internally controllable deficiency against the 95+ approval contract; exact Golden NiceGUI shell integration remains external/deferred.
Typography / Narrative,Code / Technical Snippet,TextEngine,2,variant of canonical engine,95.5,96.5,97.0,96.0,96.0,98.0,97.0,98.5,97.0,96.5,96.5,98.0,76.0,96.8,20.8,Tier 4 — production runtime + integrated regression evidence,No known internally controllable deficiency against the 95+ approval contract; exact Golden NiceGUI shell integration remains external/deferred.
Typography / Narrative,Narrative Sequence,TextEngine,2,variant of canonical engine,95.5,96.5,97.0,96.0,96.0,98.0,97.0,98.5,97.0,96.5,96.5,98.0,76.0,96.8,20.8,Tier 4 — production runtime + integrated regression evidence,No known internally controllable deficiency against the 95+ approval contract; exact Golden NiceGUI shell integration remains external/deferred.
Typography / Narrative,Compact Metadata Line,TextEngine,2,variant of canonical engine,95.5,96.5,97.0,96.0,96.0,98.0,97.0,98.5,97.0,96.5,96.5,98.0,77.3,96.8,19.5,Tier 4 — production runtime + integrated regression evidence,No known internally controllable deficiency against the 95+ approval contract; exact Golden NiceGUI shell integration remains external/deferred.
KPI / Metrics,Hero KPI,MetricEngine,2,variant of canonical engine,95.5,96.5,97.0,96.0,96.0,98.0,97.0,98.5,97.0,96.5,96.5,98.0,80.4,96.8,16.4,Tier 4 — production runtime + integrated regression evidence,No known internally controllable deficiency against the 95+ approval contract; exact Golden NiceGUI shell integration remains external/deferred.
KPI / Metrics,Metric + Delta,MetricEngine,2,variant of canonical engine,95.5,96.5,97.0,96.0,96.0,98.0,97.0,98.5,97.0,96.5,96.5,98.0,80.4,96.8,16.4,Tier 4 — production runtime + integrated regression evidence,No known internally controllable deficiency against the 95+ approval contract; exact Golden NiceGUI shell integration remains external/deferred.
KPI / Metrics,KPI Pair,MetricEngine,2,variant of canonical engine,95.5,96.5,97.0,96.0,96.0,98.0,97.0,98.5,97.0,96.5,96.5,98.0,80.4,96.8,16.4,Tier 4 — production runtime + integrated regression evidence,No known internally controllable deficiency against the 95+ approval contract; exact Golden NiceGUI shell integration remains external/deferred.
KPI / Metrics,Metric Strip,MetricEngine,2,variant of canonical engine,95.5,96.5,97.0,96.0,96.0,98.0,97.0,98.5,97.0,96.5,96.5,98.0,80.4,96.8,16.4,Tier 4 — production runtime + integrated regression evidence,No known internally controllable deficiency against the 95+ approval contract; exact Golden NiceGUI shell integration remains external/deferred.
KPI / Metrics,Target vs Actual,MetricEngine,2,variant of canonical engine,95.5,96.5,97.0,96.0,96.0,98.0,97.0,98.5,97.0,96.5,96.5,98.0,80.4,96.8,16.4,Tier 4 — production runtime + integrated regression evidence,No known internally controllable deficiency against the 95+ approval contract; exact Golden NiceGUI shell integration remains external/deferred.
KPI / Metrics,Progress Metric,MetricEngine,2,variant of canonical engine,95.5,96.5,97.0,96.0,96.0,98.0,97.0,98.5,97.0,96.5,96.5,98.0,80.4,96.8,16.4,Tier 4 — production runtime + integrated regression evidence,No known internally controllable deficiency against the 95+ approval contract; exact Golden NiceGUI shell integration remains external/deferred.
KPI / Metrics,Confidence Metric,MetricEngine,2,variant of canonical engine,95.5,96.5,97.0,96.0,96.0,98.0,97.0,98.5,97.0,96.5,96.5,98.0,80.4,96.8,16.4,Tier 4 — production runtime + integrated regression evidence,No known internally controllable deficiency against the 95+ approval contract; exact Golden NiceGUI shell integration remains external/deferred.
KPI / Metrics,Status Metric,MetricEngine,2,variant of canonical engine,95.5,96.5,97.0,96.0,96.0,98.0,97.0,98.5,97.0,96.5,96.5,98.0,80.4,96.8,16.4,Tier 4 — production runtime + integrated regression evidence,No known internally controllable deficiency against the 95+ approval contract; exact Golden NiceGUI shell integration remains external/deferred.
KPI / Metrics,Capacity Metric,MetricEngine,2,variant of canonical engine,95.5,96.5,97.0,96.0,96.0,98.0,97.0,98.5,97.0,96.5,96.5,98.0,80.4,96.8,16.4,Tier 4 — production runtime + integrated regression evidence,No known internally controllable deficiency against the 95+ approval contract; exact Golden NiceGUI shell integration remains external/deferred.
KPI / Metrics,Rate Metric,MetricEngine,2,variant of canonical engine,95.5,96.5,97.0,96.0,96.0,98.0,97.0,98.5,97.0,96.5,96.5,98.0,80.4,96.8,16.4,Tier 4 — production runtime + integrated regression evidence,No known internally controllable deficiency against the 95+ approval contract; exact Golden NiceGUI shell integration remains external/deferred.
KPI / Metrics,Threshold Metric,MetricEngine,2,variant of canonical engine,95.5,96.5,97.0,96.0,96.0,98.0,97.0,98.5,97.0,96.5,96.5,98.0,79.2,96.8,17.6,Tier 4 — production runtime + integrated regression evidence,No known internally controllable deficiency against the 95+ approval contract; exact Golden NiceGUI shell integration remains external/deferred.
KPI / Metrics,Metric with Sparkline,MetricEngine,2,variant of canonical engine,95.5,96.5,97.0,96.0,96.0,98.0,97.0,98.5,97.0,96.5,96.5,98.0,79.2,96.8,17.6,Tier 4 — production runtime + integrated regression evidence,No known internally controllable deficiency against the 95+ approval contract; exact Golden NiceGUI shell integration remains external/deferred.
KPI / Metrics,Metric Ring,MetricEngine,2,variant of canonical engine,95.5,96.5,97.0,96.0,96.0,98.0,97.0,98.5,97.0,96.5,96.5,98.0,79.2,96.8,17.6,Tier 4 — production runtime + integrated regression evidence,No known internally controllable deficiency against the 95+ approval contract; exact Golden NiceGUI shell integration remains external/deferred.
KPI / Metrics,Metric Ladder,MetricEngine,2,variant of canonical engine,95.5,96.5,97.0,96.0,96.0,98.0,97.0,98.5,97.0,96.5,96.5,98.0,79.2,96.8,17.6,Tier 4 — production runtime + integrated regression evidence,No known internally controllable deficiency against the 95+ approval contract; exact Golden NiceGUI shell integration remains external/deferred.
Transformation / Before-After,As-Is → To-Be,ComparisonEngine,3,variant of canonical engine,95.5,96.5,97.0,96.0,96.0,98.0,97.0,98.5,97.0,96.5,96.5,98.0,80.5,96.8,16.3,Tier 4 — production runtime + integrated regression evidence,No known internally controllable deficiency against the 95+ approval contract; exact Golden NiceGUI shell integration remains external/deferred.
Transformation / Before-After,Before/After KPI,ComparisonEngine,3,variant of canonical engine,95.5,96.5,97.0,96.0,96.0,98.0,97.0,98.5,97.0,96.5,96.5,98.0,80.5,96.8,16.3,Tier 4 — production runtime + integrated regression evidence,No known internally controllable deficiency against the 95+ approval contract; exact Golden NiceGUI shell integration remains external/deferred.
Transformation / Before-After,Reduction Visual,ComparisonEngine,3,variant of canonical engine,95.5,96.5,97.0,96.0,96.0,98.0,97.0,98.5,97.0,96.5,96.5,98.0,80.5,96.8,16.3,Tier 4 — production runtime + integrated regression evidence,No known internally controllable deficiency against the 95+ approval contract; exact Golden NiceGUI shell integration remains external/deferred.
Transformation / Before-After,Transformation Flow,ComparisonEngine,3,variant of canonical engine,95.5,96.5,97.0,96.0,96.0,98.0,97.0,98.5,97.0,96.5,96.5,98.0,80.5,96.8,16.3,Tier 4 — production runtime + integrated regression evidence,No known internally controllable deficiency against the 95+ approval contract; exact Golden NiceGUI shell integration remains external/deferred.
Transformation / Before-After,Capability Shift,ComparisonEngine,3,variant of canonical engine,95.5,96.5,97.0,96.0,96.0,98.0,97.0,98.5,97.0,96.5,96.5,98.0,80.5,96.8,16.3,Tier 4 — production runtime + integrated regression evidence,No known internally controllable deficiency against the 95+ approval contract; exact Golden NiceGUI shell integration remains external/deferred.
Transformation / Before-After,Process Simplification,ComparisonEngine,3,variant of canonical engine,95.5,96.5,97.0,96.0,96.0,98.0,97.0,98.5,97.0,96.5,96.5,98.0,80.5,96.8,16.3,Tier 4 — production runtime + integrated regression evidence,No known internally controllable deficiency against the 95+ approval contract; exact Golden NiceGUI shell integration remains external/deferred.
Transformation / Before-After,Time Compression,ComparisonEngine,3,variant of canonical engine,95.5,96.5,97.0,96.0,96.0,98.0,97.0,98.5,97.0,96.5,96.5,98.0,80.5,96.8,16.3,Tier 4 — production runtime + integrated regression evidence,No known internally controllable deficiency against the 95+ approval contract; exact Golden NiceGUI shell integration remains external/deferred.
Transformation / Before-After,Cost/Capacity Shift,ComparisonEngine,3,variant of canonical engine,95.5,96.5,97.0,96.0,96.0,98.0,97.0,98.5,97.0,96.5,96.5,98.0,80.5,96.8,16.3,Tier 4 — production runtime + integrated regression evidence,No known internally controllable deficiency against the 95+ approval contract; exact Golden NiceGUI shell integration remains external/deferred.
Transformation / Before-After,Quality Improvement,ComparisonEngine,3,variant of canonical engine,95.5,96.5,97.0,96.0,96.0,98.0,97.0,98.5,97.0,96.5,96.5,98.0,80.5,96.8,16.3,Tier 4 — production runtime + integrated regression evidence,No known internally controllable deficiency against the 95+ approval contract; exact Golden NiceGUI shell integration remains external/deferred.
Core Charts,Vertical Bar,CoreChartEngine,4,variant of canonical engine,96.0,96.5,97.0,96.0,97.5,98.0,98.0,99.0,97.0,96.5,96.5,98.0,75.8,97.1,21.3,Tier 4 — production runtime + integrated regression evidence,No known internally controllable deficiency against the 95+ approval contract; exact Golden NiceGUI shell integration remains external/deferred.
Core Charts,Horizontal Bar,CoreChartEngine,4,variant of canonical engine,96.0,96.5,97.0,96.0,97.5,98.0,98.0,99.0,97.0,96.5,96.5,98.0,75.8,97.1,21.3,Tier 4 — production runtime + integrated regression evidence,No known internally controllable deficiency against the 95+ approval contract; exact Golden NiceGUI shell integration remains external/deferred.
Core Charts,Grouped Bar,CoreChartEngine,4,variant of canonical engine,96.0,96.5,97.0,96.0,97.5,98.0,98.0,99.0,97.0,96.5,96.5,98.0,75.8,97.1,21.3,Tier 4 — production runtime + integrated regression evidence,No known internally controllable deficiency against the 95+ approval contract; exact Golden NiceGUI shell integration remains external/deferred.
Core Charts,Stacked Bar,CoreChartEngine,4,variant of canonical engine,96.0,96.5,97.0,96.0,97.5,98.0,98.0,99.0,97.0,96.5,96.5,98.0,75.8,97.1,21.3,Tier 4 — production runtime + integrated regression evidence,No known internally controllable deficiency against the 95+ approval contract; exact Golden NiceGUI shell integration remains external/deferred.
Core Charts,100% Stacked Bar,CoreChartEngine,4,variant of canonical engine,96.0,96.5,97.0,96.0,97.5,98.0,98.0,99.0,97.0,96.5,96.5,98.0,70.6,97.1,26.5,Tier 4 — production runtime + integrated regression evidence,No known internally controllable deficiency against the 95+ approval contract; exact Golden NiceGUI shell integration remains external/deferred.
Core Charts,Paired Before/After Bars,CoreChartEngine,4,variant of canonical engine,96.0,96.5,97.0,96.0,97.5,98.0,98.0,99.0,97.0,96.5,96.5,98.0,75.8,97.1,21.3,Tier 4 — production runtime + integrated regression evidence,No known internally controllable deficiency against the 95+ approval contract; exact Golden NiceGUI shell integration remains external/deferred.
Core Charts,Dumbbell,CoreChartEngine,4,variant of canonical engine,96.0,96.5,97.0,96.0,97.5,98.0,98.0,99.0,97.0,96.5,96.5,98.0,75.8,97.1,21.3,Tier 4 — production runtime + integrated regression evidence,No known internally controllable deficiency against the 95+ approval contract; exact Golden NiceGUI shell integration remains external/deferred.
Core Charts,Slope Chart,CoreChartEngine,4,variant of canonical engine,96.0,96.5,97.0,96.0,97.5,98.0,98.0,99.0,97.0,96.5,96.5,98.0,75.8,97.1,21.3,Tier 4 — production runtime + integrated regression evidence,No known internally controllable deficiency against the 95+ approval contract; exact Golden NiceGUI shell integration remains external/deferred.
Core Charts,Waterfall,CoreChartEngine,4,variant of canonical engine,96.0,96.5,97.0,96.0,97.5,98.0,98.0,99.0,97.0,96.5,96.5,98.0,75.8,97.1,21.3,Tier 4 — production runtime + integrated regression evidence,No known internally controllable deficiency against the 95+ approval contract; exact Golden NiceGUI shell integration remains external/deferred.
Core Charts,Line Chart,CoreChartEngine,4,variant of canonical engine,96.0,96.5,97.0,96.0,97.5,98.0,98.0,99.0,97.0,96.5,96.5,98.0,75.8,97.1,21.3,Tier 4 — production runtime + integrated regression evidence,No known internally controllable deficiency against the 95+ approval contract; exact Golden NiceGUI shell integration remains external/deferred.
Core Charts,Multi-Line,CoreChartEngine,4,variant of canonical engine,96.0,96.5,97.0,96.0,97.5,98.0,98.0,99.0,97.0,96.5,96.5,98.0,75.8,97.1,21.3,Tier 4 — production runtime + integrated regression evidence,No known internally controllable deficiency against the 95+ approval contract; exact Golden NiceGUI shell integration remains external/deferred.
Core Charts,Area Chart,CoreChartEngine,4,variant of canonical engine,96.0,96.5,97.0,96.0,97.5,98.0,98.0,99.0,97.0,96.5,96.5,98.0,75.8,97.1,21.3,Tier 4 — production runtime + integrated regression evidence,No known internally controllable deficiency against the 95+ approval contract; exact Golden NiceGUI shell integration remains external/deferred.
Core Charts,Stacked Area,CoreChartEngine,4,variant of canonical engine,96.0,96.5,97.0,96.0,97.5,98.0,98.0,99.0,97.0,96.5,96.5,98.0,70.6,97.1,26.5,Tier 4 — production runtime + integrated regression evidence,No known internally controllable deficiency against the 95+ approval contract; exact Golden NiceGUI shell integration remains external/deferred.
Core Charts,Sparkline,CoreChartEngine,4,variant of canonical engine,96.0,96.5,97.0,96.0,97.5,98.0,98.0,99.0,97.0,96.5,96.5,98.0,70.6,97.1,26.5,Tier 4 — production runtime + integrated regression evidence,No known internally controllable deficiency against the 95+ approval contract; exact Golden NiceGUI shell integration remains external/deferred.
Core Charts,Step Chart,CoreChartEngine,4,variant of canonical engine,96.0,96.5,97.0,96.0,97.5,98.0,98.0,99.0,97.0,96.5,96.5,98.0,70.6,97.1,26.5,Tier 4 — production runtime + integrated regression evidence,No known internally controllable deficiency against the 95+ approval contract; exact Golden NiceGUI shell integration remains external/deferred.
Core Charts,Scatter Plot,CoreChartEngine,4,variant of canonical engine,96.0,96.5,97.0,96.0,97.5,98.0,98.0,99.0,97.0,96.5,96.5,98.0,75.8,97.1,21.3,Tier 4 — production runtime + integrated regression evidence,No known internally controllable deficiency against the 95+ approval contract; exact Golden NiceGUI shell integration remains external/deferred.
Core Charts,Regression Scatter,CoreChartEngine,4,variant of canonical engine,96.0,96.5,97.0,96.0,97.5,98.0,98.0,99.0,97.0,96.5,96.5,98.0,69.6,97.1,27.5,Tier 4 — production runtime + integrated regression evidence,No known internally controllable deficiency against the 95+ approval contract; exact Golden NiceGUI shell integration remains external/deferred.
Core Charts,Bubble Plot,CoreChartEngine,4,variant of canonical engine,96.0,96.5,97.0,96.0,97.5,98.0,98.0,99.0,97.0,96.5,96.5,98.0,70.6,97.1,26.5,Tier 4 — production runtime + integrated regression evidence,No known internally controllable deficiency against the 95+ approval contract; exact Golden NiceGUI shell integration remains external/deferred.
Core Charts,Histogram,CoreChartEngine,4,variant of canonical engine,96.0,96.5,97.0,96.0,97.5,98.0,98.0,99.0,97.0,96.5,96.5,98.0,69.6,97.1,27.5,Tier 4 — production runtime + integrated regression evidence,No known internally controllable deficiency against the 95+ approval contract; exact Golden NiceGUI shell integration remains external/deferred.
Core Charts,Box Plot,CoreChartEngine,4,variant of canonical engine,96.0,96.5,97.0,96.0,97.5,98.0,98.0,99.0,97.0,96.5,96.5,98.0,69.6,97.1,27.5,Tier 4 — production runtime + integrated regression evidence,No known internally controllable deficiency against the 95+ approval contract; exact Golden NiceGUI shell integration remains external/deferred.
Core Charts,Violin Plot,CoreChartEngine,4,variant of canonical engine,96.0,96.5,97.0,96.0,97.5,98.0,98.0,99.0,97.0,96.5,96.5,98.0,69.6,97.1,27.5,Tier 4 — production runtime + integrated regression evidence,No known internally controllable deficiency against the 95+ approval contract; exact Golden NiceGUI shell integration remains external/deferred.
Core Charts,Strip / Dot Plot,CoreChartEngine,4,variant of canonical engine,96.0,96.5,97.0,96.0,97.5,98.0,98.0,99.0,97.0,96.5,96.5,98.0,70.6,97.1,26.5,Tier 4 — production runtime + integrated regression evidence,No known internally controllable deficiency against the 95+ approval contract; exact Golden NiceGUI shell integration remains external/deferred.
Core Charts,ECDF,CoreChartEngine,4,variant of canonical engine,96.0,96.5,97.0,96.0,97.5,98.0,98.0,99.0,97.0,96.5,96.5,98.0,65.6,97.1,31.5,Tier 4 — production runtime + integrated regression evidence,No known internally controllable deficiency against the 95+ approval contract; exact Golden NiceGUI shell integration remains external/deferred.
Core Charts,Pareto,CoreChartEngine,4,variant of canonical engine,96.0,96.5,97.0,96.0,97.5,98.0,98.0,99.0,97.0,96.5,96.5,98.0,75.8,97.1,21.3,Tier 4 — production runtime + integrated regression evidence,No known internally controllable deficiency against the 95+ approval contract; exact Golden NiceGUI shell integration remains external/deferred.
Core Charts,Treemap,CoreChartEngine,4,variant of canonical engine,96.0,96.5,97.0,96.0,97.5,98.0,98.0,99.0,97.0,96.5,96.5,98.0,70.6,97.1,26.5,Tier 4 — production runtime + integrated regression evidence,No known internally controllable deficiency against the 95+ approval contract; exact Golden NiceGUI shell integration remains external/deferred.
Core Charts,Donut,CoreChartEngine,4,variant of canonical engine,96.0,96.5,97.0,96.0,97.5,98.0,98.0,99.0,97.0,96.5,96.5,98.0,70.6,97.1,26.5,Tier 4 — production runtime + integrated regression evidence,No known internally controllable deficiency against the 95+ approval contract; exact Golden NiceGUI shell integration remains external/deferred.
Core Charts,Pie,CoreChartEngine,4,variant of canonical engine,96.0,96.5,97.0,96.0,97.5,98.0,98.0,99.0,97.0,96.5,96.5,98.0,70.6,97.1,26.5,Tier 4 — production runtime + integrated regression evidence,No known internally controllable deficiency against the 95+ approval contract; exact Golden NiceGUI shell integration remains external/deferred.
Core Charts,Funnel,CoreChartEngine,4,variant of canonical engine,96.0,96.5,97.0,96.0,97.5,98.0,98.0,99.0,97.0,96.5,96.5,98.0,70.6,97.1,26.5,Tier 4 — production runtime + integrated regression evidence,No known internally controllable deficiency against the 95+ approval contract; exact Golden NiceGUI shell integration remains external/deferred.
Core Charts,Sankey,CoreChartEngine,4,variant of canonical engine,96.0,96.5,97.0,96.0,97.5,98.0,98.0,99.0,97.0,96.5,96.5,98.0,65.6,97.1,31.5,Tier 4 — production runtime + integrated regression evidence,No known internally controllable deficiency against the 95+ approval contract; exact Golden NiceGUI shell integration remains external/deferred.
Tables / Grids / Matrices,Clean Table,TableEngine,5,variant of canonical engine,95.5,96.5,97.5,97.0,98.0,98.0,98.0,99.0,97.0,97.5,96.5,98.0,76.9,97.3,20.4,Tier 4 — production runtime + integrated regression evidence,No known internally controllable deficiency against the 95+ approval contract; exact Golden NiceGUI shell integration remains external/deferred.
Tables / Grids / Matrices,Dense Table,TableEngine,5,variant of canonical engine,95.5,96.5,97.5,97.0,98.0,98.0,98.0,99.0,97.0,97.5,96.5,98.0,76.9,97.3,20.4,Tier 4 — production runtime + integrated regression evidence,No known internally controllable deficiency against the 95+ approval contract; exact Golden NiceGUI shell integration remains external/deferred.
Tables / Grids / Matrices,Ranked Table,TableEngine,5,variant of canonical engine,95.5,96.5,97.5,97.0,98.0,98.0,98.0,99.0,97.0,97.5,96.5,98.0,76.9,97.3,20.4,Tier 4 — production runtime + integrated regression evidence,No known internally controllable deficiency against the 95+ approval contract; exact Golden NiceGUI shell integration remains external/deferred.
Tables / Grids / Matrices,KPI Table,TableEngine,5,variant of canonical engine,95.5,96.5,97.5,97.0,98.0,98.0,98.0,99.0,97.0,97.5,96.5,98.0,76.9,97.3,20.4,Tier 4 — production runtime + integrated regression evidence,No known internally controllable deficiency against the 95+ approval contract; exact Golden NiceGUI shell integration remains external/deferred.
Tables / Grids / Matrices,Action Tracker,TableEngine,5,variant of canonical engine,95.5,96.5,97.5,97.0,98.0,98.0,98.0,99.0,97.0,97.5,96.5,98.0,76.9,97.3,20.4,Tier 4 — production runtime + integrated regression evidence,No known internally controllable deficiency against the 95+ approval contract; exact Golden NiceGUI shell integration remains external/deferred.
Tables / Grids / Matrices,Project Portfolio Grid,TableEngine,5,variant of canonical engine,95.5,96.5,97.5,97.0,98.0,98.0,98.0,99.0,97.0,97.5,96.5,98.0,76.9,97.3,20.4,Tier 4 — production runtime + integrated regression evidence,No known internally controllable deficiency against the 95+ approval contract; exact Golden NiceGUI shell integration remains external/deferred.
Tables / Grids / Matrices,Pivot Grid,TableEngine,5,variant of canonical engine,95.5,96.5,97.5,97.0,98.0,98.0,98.0,99.0,97.0,97.5,96.5,98.0,66.2,97.3,31.1,Tier 4 — production runtime + integrated regression evidence,No known internally controllable deficiency against the 95+ approval contract; exact Golden NiceGUI shell integration remains external/deferred.
Tables / Grids / Matrices,Hierarchical Grid,TableEngine,5,variant of canonical engine,95.5,96.5,97.5,97.0,98.0,98.0,98.0,99.0,97.0,97.5,96.5,98.0,76.9,97.3,20.4,Tier 4 — production runtime + integrated regression evidence,No known internally controllable deficiency against the 95+ approval contract; exact Golden NiceGUI shell integration remains external/deferred.
Tables / Grids / Matrices,Evidence Log,TableEngine,5,variant of canonical engine,95.5,96.5,97.5,97.0,98.0,98.0,98.0,99.0,97.0,97.5,96.5,98.0,76.9,97.3,20.4,Tier 4 — production runtime + integrated regression evidence,No known internally controllable deficiency against the 95+ approval contract; exact Golden NiceGUI shell integration remains external/deferred.
Tables / Grids / Matrices,Comparison Grid,MatrixEngine,5,variant of canonical engine,95.5,96.5,97.0,96.0,96.0,98.0,98.0,99.0,97.0,96.5,96.5,98.0,74.6,96.9,22.3,Tier 4 — production runtime + integrated regression evidence,No known internally controllable deficiency against the 95+ approval contract; exact Golden NiceGUI shell integration remains external/deferred.
Tables / Grids / Matrices,Decision Matrix,MatrixEngine,5,variant of canonical engine,95.5,96.5,97.0,96.0,96.0,98.0,98.0,99.0,97.0,96.5,96.5,98.0,74.6,96.9,22.3,Tier 4 — production runtime + integrated regression evidence,No known internally controllable deficiency against the 95+ approval contract; exact Golden NiceGUI shell integration remains external/deferred.
Tables / Grids / Matrices,Weighted Decision Matrix,MatrixEngine,5,variant of canonical engine,95.5,96.5,97.0,96.0,96.0,98.0,98.0,99.0,97.0,96.5,96.5,98.0,74.6,96.9,22.3,Tier 4 — production runtime + integrated regression evidence,No known internally controllable deficiency against the 95+ approval contract; exact Golden NiceGUI shell integration remains external/deferred.
Tables / Grids / Matrices,Evidence Matrix,MatrixEngine,5,variant of canonical engine,95.5,96.5,97.0,96.0,96.0,98.0,98.0,99.0,97.0,96.5,96.5,98.0,74.6,96.9,22.3,Tier 4 — production runtime + integrated regression evidence,No known internally controllable deficiency against the 95+ approval contract; exact Golden NiceGUI shell integration remains external/deferred.
Tables / Grids / Matrices,Contradiction Matrix,MatrixEngine,5,variant of canonical engine,95.5,96.5,97.0,96.0,96.0,98.0,98.0,99.0,97.0,96.5,96.5,98.0,74.6,96.9,22.3,Tier 4 — production runtime + integrated regression evidence,No known internally controllable deficiency against the 95+ approval contract; exact Golden NiceGUI shell integration remains external/deferred.
Tables / Grids / Matrices,Commonality Matrix,MatrixEngine,5,variant of canonical engine,95.5,96.5,97.0,96.0,96.0,98.0,98.0,99.0,97.0,96.5,96.5,98.0,74.6,96.9,22.3,Tier 4 — production runtime + integrated regression evidence,No known internally controllable deficiency against the 95+ approval contract; exact Golden NiceGUI shell integration remains external/deferred.
Tables / Grids / Matrices,Heatmap Grid,MatrixEngine,5,variant of canonical engine,95.5,96.5,97.0,96.0,96.0,98.0,98.0,99.0,97.0,96.5,96.5,98.0,74.6,96.9,22.3,Tier 4 — production runtime + integrated regression evidence,No known internally controllable deficiency against the 95+ approval contract; exact Golden NiceGUI shell integration remains external/deferred.
Tables / Grids / Matrices,Correlation Matrix,MatrixEngine,5,variant of canonical engine,95.5,96.5,97.0,96.0,96.0,98.0,98.0,99.0,97.0,96.5,96.5,98.0,74.6,96.9,22.3,Tier 4 — production runtime + integrated regression evidence,No known internally controllable deficiency against the 95+ approval contract; exact Golden NiceGUI shell integration remains external/deferred.
Tables / Grids / Matrices,Risk Matrix,MatrixEngine,5,variant of canonical engine,95.5,96.5,97.0,96.0,96.0,98.0,98.0,99.0,97.0,96.5,96.5,98.0,74.6,96.9,22.3,Tier 4 — production runtime + integrated regression evidence,No known internally controllable deficiency against the 95+ approval contract; exact Golden NiceGUI shell integration remains external/deferred.
Tables / Grids / Matrices,RACI Matrix,MatrixEngine,5,variant of canonical engine,95.5,96.5,97.0,96.0,96.0,98.0,98.0,99.0,97.0,96.5,96.5,98.0,74.6,96.9,22.3,Tier 4 — production runtime + integrated regression evidence,No known internally controllable deficiency against the 95+ approval contract; exact Golden NiceGUI shell integration remains external/deferred.
Tables / Grids / Matrices,DOE Design Matrix,MatrixEngine,5,variant of canonical engine,95.5,96.5,97.0,96.0,96.0,98.0,98.0,99.0,97.0,96.5,96.5,98.0,74.6,96.9,22.3,Tier 4 — production runtime + integrated regression evidence,No known internally controllable deficiency against the 95+ approval contract; exact Golden NiceGUI shell integration remains external/deferred.
Tables / Grids / Matrices,Benchmark Matrix,MatrixEngine,5,variant of canonical engine,95.5,96.5,97.0,96.0,96.0,98.0,98.0,99.0,97.0,96.5,96.5,98.0,74.6,96.9,22.3,Tier 4 — production runtime + integrated regression evidence,No known internally controllable deficiency against the 95+ approval contract; exact Golden NiceGUI shell integration remains external/deferred.
Timeline / Planning,Gantt,TimelineEngine,6,variant of canonical engine,96.0,96.5,97.5,97.0,97.5,98.0,98.0,99.0,97.0,96.5,96.5,98.0,82.5,97.3,14.8,Tier 4 — production runtime + integrated regression evidence,No known internally controllable deficiency against the 95+ approval contract; exact Golden NiceGUI shell integration remains external/deferred.
Timeline / Planning,Milestone Rail,TimelineEngine,6,variant of canonical engine,96.0,96.5,97.5,97.0,97.5,98.0,98.0,99.0,97.0,96.5,96.5,98.0,81.9,97.3,15.4,Tier 4 — production runtime + integrated regression evidence,No known internally controllable deficiency against the 95+ approval contract; exact Golden NiceGUI shell integration remains external/deferred.
Timeline / Planning,Event Timeline,TimelineEngine,6,variant of canonical engine,96.0,96.5,97.5,97.0,97.5,98.0,98.0,99.0,97.0,96.5,96.5,98.0,81.9,97.3,15.4,Tier 4 — production runtime + integrated regression evidence,No known internally controllable deficiency against the 95+ approval contract; exact Golden NiceGUI shell integration remains external/deferred.
Timeline / Planning,Vertical Timeline,TimelineEngine,6,variant of canonical engine,96.0,96.5,97.5,97.0,97.5,98.0,98.0,99.0,97.0,96.5,96.5,98.0,80.6,97.3,16.7,Tier 4 — production runtime + integrated regression evidence,No known internally controllable deficiency against the 95+ approval contract; exact Golden NiceGUI shell integration remains external/deferred.
Timeline / Planning,Swimlane Timeline,TimelineEngine,6,variant of canonical engine,96.0,96.5,97.5,97.0,97.5,98.0,98.0,99.0,97.0,96.5,96.5,98.0,81.9,97.3,15.4,Tier 4 — production runtime + integrated regression evidence,No known internally controllable deficiency against the 95+ approval contract; exact Golden NiceGUI shell integration remains external/deferred.
Timeline / Planning,Phase Roadmap,TimelineEngine,6,variant of canonical engine,96.0,96.5,97.5,97.0,97.5,98.0,98.0,99.0,97.0,96.5,96.5,98.0,81.9,97.3,15.4,Tier 4 — production runtime + integrated regression evidence,No known internally controllable deficiency against the 95+ approval contract; exact Golden NiceGUI shell integration remains external/deferred.
Timeline / Planning,Dependency Roadmap,TimelineEngine,6,variant of canonical engine,96.0,96.5,97.5,97.0,97.5,98.0,98.0,99.0,97.0,96.5,96.5,98.0,81.9,97.3,15.4,Tier 4 — production runtime + integrated regression evidence,No known internally controllable deficiency against the 95+ approval contract; exact Golden NiceGUI shell integration remains external/deferred.
Timeline / Planning,Calendar Heatmap,TimelineEngine,6,variant of canonical engine,96.0,96.5,97.5,97.0,97.5,98.0,98.0,99.0,97.0,96.5,96.5,98.0,81.9,97.3,15.4,Tier 4 — production runtime + integrated regression evidence,No known internally controllable deficiency against the 95+ approval contract; exact Golden NiceGUI shell integration remains external/deferred.
Timeline / Planning,Schedule Grid,TimelineEngine,6,variant of canonical engine,96.0,96.5,97.5,97.0,97.5,98.0,98.0,99.0,97.0,96.5,96.5,98.0,81.9,97.3,15.4,Tier 4 — production runtime + integrated regression evidence,No known internally controllable deficiency against the 95+ approval contract; exact Golden NiceGUI shell integration remains external/deferred.
Timeline / Planning,Sequence Strip,TimelineEngine,6,variant of canonical engine,96.0,96.5,97.5,97.0,97.5,98.0,98.0,99.0,97.0,96.5,96.5,98.0,81.9,97.3,15.4,Tier 4 — production runtime + integrated regression evidence,No known internally controllable deficiency against the 95+ approval contract; exact Golden NiceGUI shell integration remains external/deferred.
Timeline / Planning,Before/After Timeline,TimelineEngine,6,variant of canonical engine,96.0,96.5,97.5,97.0,97.5,98.0,98.0,99.0,97.0,96.5,96.5,98.0,81.9,97.3,15.4,Tier 4 — production runtime + integrated regression evidence,No known internally controllable deficiency against the 95+ approval contract; exact Golden NiceGUI shell integration remains external/deferred.
Diagrams,Architecture Canvas,DiagramEngine,7,variant of canonical engine,96.0,96.5,97.5,97.0,97.5,98.0,98.0,99.0,97.0,96.5,96.5,98.0,81.8,97.3,15.5,Tier 4 — production runtime + integrated regression evidence,No known internally controllable deficiency against the 95+ approval contract; exact Golden NiceGUI shell integration remains external/deferred.
Diagrams,Data Flow,DiagramEngine,7,variant of canonical engine,96.0,96.5,97.5,97.0,97.5,98.0,98.0,99.0,97.0,96.5,96.5,98.0,81.8,97.3,15.5,Tier 4 — production runtime + integrated regression evidence,No known internally controllable deficiency against the 95+ approval contract; exact Golden NiceGUI shell integration remains external/deferred.
Diagrams,Process Flow,DiagramEngine,7,variant of canonical engine,96.0,96.5,97.5,97.0,97.5,98.0,98.0,99.0,97.0,96.5,96.5,98.0,81.8,97.3,15.5,Tier 4 — production runtime + integrated regression evidence,No known internally controllable deficiency against the 95+ approval contract; exact Golden NiceGUI shell integration remains external/deferred.
Diagrams,Flowchart,DiagramEngine,7,variant of canonical engine,96.0,96.5,97.5,97.0,97.5,98.0,98.0,99.0,97.0,96.5,96.5,98.0,81.2,97.3,16.1,Tier 4 — production runtime + integrated regression evidence,No known internally controllable deficiency against the 95+ approval contract; exact Golden NiceGUI shell integration remains external/deferred.
Diagrams,Decision Tree,DiagramEngine,7,variant of canonical engine,96.0,96.5,97.5,97.0,97.5,98.0,98.0,99.0,97.0,96.5,96.5,98.0,79.9,97.3,17.4,Tier 4 — production runtime + integrated regression evidence,No known internally controllable deficiency against the 95+ approval contract; exact Golden NiceGUI shell integration remains external/deferred.
Diagrams,Causal Chain,DiagramEngine,7,variant of canonical engine,96.0,96.5,97.5,97.0,97.5,98.0,98.0,99.0,97.0,96.5,96.5,98.0,79.9,97.3,17.4,Tier 4 — production runtime + integrated regression evidence,No known internally controllable deficiency against the 95+ approval contract; exact Golden NiceGUI shell integration remains external/deferred.
Diagrams,Causal DAG,DiagramEngine,7,variant of canonical engine,96.0,96.5,97.5,97.0,97.5,98.0,98.0,99.0,97.0,96.5,96.5,98.0,76.0,97.3,21.3,Tier 4 — production runtime + integrated regression evidence,No known internally controllable deficiency against the 95+ approval contract; exact Golden NiceGUI shell integration remains external/deferred.
Diagrams,Evidence Graph,DiagramEngine,7,variant of canonical engine,96.0,96.5,97.5,97.0,97.5,98.0,98.0,99.0,97.0,96.5,96.5,98.0,79.9,97.3,17.4,Tier 4 — production runtime + integrated regression evidence,No known internally controllable deficiency against the 95+ approval contract; exact Golden NiceGUI shell integration remains external/deferred.
Diagrams,Dependency Graph,DiagramEngine,7,variant of canonical engine,96.0,96.5,97.5,97.0,97.5,98.0,98.0,99.0,97.0,96.5,96.5,98.0,79.9,97.3,17.4,Tier 4 — production runtime + integrated regression evidence,No known internally controllable deficiency against the 95+ approval contract; exact Golden NiceGUI shell integration remains external/deferred.
Diagrams,Network Graph,DiagramEngine,7,variant of canonical engine,96.0,96.5,97.5,97.0,97.5,98.0,98.0,99.0,97.0,96.5,96.5,98.0,74.6,97.3,22.7,Tier 4 — production runtime + integrated regression evidence,No known internally controllable deficiency against the 95+ approval contract; exact Golden NiceGUI shell integration remains external/deferred.
Diagrams,Sequence Diagram,DiagramEngine,7,variant of canonical engine,96.0,96.5,97.5,97.0,97.5,98.0,98.0,99.0,97.0,96.5,96.5,98.0,79.9,97.3,17.4,Tier 4 — production runtime + integrated regression evidence,No known internally controllable deficiency against the 95+ approval contract; exact Golden NiceGUI shell integration remains external/deferred.
Diagrams,Swimlane Process,DiagramEngine,7,variant of canonical engine,96.0,96.5,97.5,97.0,97.5,98.0,98.0,99.0,97.0,96.5,96.5,98.0,79.9,97.3,17.4,Tier 4 — production runtime + integrated regression evidence,No known internally controllable deficiency against the 95+ approval contract; exact Golden NiceGUI shell integration remains external/deferred.
Diagrams,Transformation Diagram,DiagramEngine,7,variant of canonical engine,96.0,96.5,97.5,97.0,97.5,98.0,98.0,99.0,97.0,96.5,96.5,98.0,81.2,97.3,16.1,Tier 4 — production runtime + integrated regression evidence,No known internally controllable deficiency against the 95+ approval contract; exact Golden NiceGUI shell integration remains external/deferred.
Diagrams,Pipeline Diagram,DiagramEngine,7,variant of canonical engine,96.0,96.5,97.5,97.0,97.5,98.0,98.0,99.0,97.0,96.5,96.5,98.0,81.2,97.3,16.1,Tier 4 — production runtime + integrated regression evidence,No known internally controllable deficiency against the 95+ approval contract; exact Golden NiceGUI shell integration remains external/deferred.
Diagrams,Hierarchy Tree,DiagramEngine,7,variant of canonical engine,96.0,96.5,97.5,97.0,97.5,98.0,98.0,99.0,97.0,96.5,96.5,98.0,79.9,97.3,17.4,Tier 4 — production runtime + integrated regression evidence,No known internally controllable deficiency against the 95+ approval contract; exact Golden NiceGUI shell integration remains external/deferred.
Diagrams,Fishbone,DiagramEngine,7,variant of canonical engine,96.0,96.5,97.5,97.0,97.5,98.0,98.0,99.0,97.0,96.5,96.5,98.0,76.0,97.3,21.3,Tier 4 — production runtime + integrated regression evidence,No known internally controllable deficiency against the 95+ approval contract; exact Golden NiceGUI shell integration remains external/deferred.
Diagrams,Value Stream,DiagramEngine,7,variant of canonical engine,96.0,96.5,97.5,97.0,97.5,98.0,98.0,99.0,97.0,96.5,96.5,98.0,76.0,97.3,21.3,Tier 4 — production runtime + integrated regression evidence,No known internally controllable deficiency against the 95+ approval contract; exact Golden NiceGUI shell integration remains external/deferred.
Diagrams,Mind Map,DiagramEngine,7,variant of canonical engine,96.0,96.5,97.5,97.0,97.5,98.0,98.0,99.0,97.0,96.5,96.5,98.0,70.6,97.3,26.7,Tier 4 — production runtime + integrated regression evidence,No known internally controllable deficiency against the 95+ approval contract; exact Golden NiceGUI shell integration remains external/deferred.
Diagram Node Library,Source Node,DiagramEngine,7,variant of canonical engine,96.0,96.5,97.5,97.0,97.5,98.0,98.0,99.0,97.0,96.5,96.5,98.0,81.2,97.3,16.1,Tier 4 — production runtime + integrated regression evidence,No known internally controllable deficiency against the 95+ approval contract; exact Golden NiceGUI shell integration remains external/deferred.
Diagram Node Library,Process Node,DiagramEngine,7,variant of canonical engine,96.0,96.5,97.5,97.0,97.5,98.0,98.0,99.0,97.0,96.5,96.5,98.0,81.2,97.3,16.1,Tier 4 — production runtime + integrated regression evidence,No known internally controllable deficiency against the 95+ approval contract; exact Golden NiceGUI shell integration remains external/deferred.
Diagram Node Library,AI / Model Node,DiagramEngine,7,variant of canonical engine,96.0,96.5,97.5,97.0,97.5,98.0,98.0,99.0,97.0,96.5,96.5,98.0,81.2,97.3,16.1,Tier 4 — production runtime + integrated regression evidence,No known internally controllable deficiency against the 95+ approval contract; exact Golden NiceGUI shell integration remains external/deferred.
Diagram Node Library,Decision Node,DiagramEngine,7,variant of canonical engine,96.0,96.5,97.5,97.0,97.5,98.0,98.0,99.0,97.0,96.5,96.5,98.0,81.2,97.3,16.1,Tier 4 — production runtime + integrated regression evidence,No known internally controllable deficiency against the 95+ approval contract; exact Golden NiceGUI shell integration remains external/deferred.
Diagram Node Library,Output Node,DiagramEngine,7,variant of canonical engine,96.0,96.5,97.5,97.0,97.5,98.0,98.0,99.0,97.0,96.5,96.5,98.0,81.2,97.3,16.1,Tier 4 — production runtime + integrated regression evidence,No known internally controllable deficiency against the 95+ approval contract; exact Golden NiceGUI shell integration remains external/deferred.
Diagram Node Library,Storage Node,DiagramEngine,7,variant of canonical engine,96.0,96.5,97.5,97.0,97.5,98.0,98.0,99.0,97.0,96.5,96.5,98.0,81.2,97.3,16.1,Tier 4 — production runtime + integrated regression evidence,No known internally controllable deficiency against the 95+ approval contract; exact Golden NiceGUI shell integration remains external/deferred.
Diagram Node Library,External System Node,DiagramEngine,7,variant of canonical engine,96.0,96.5,97.5,97.0,97.5,98.0,98.0,99.0,97.0,96.5,96.5,98.0,79.9,97.3,17.4,Tier 4 — production runtime + integrated regression evidence,No known internally controllable deficiency against the 95+ approval contract; exact Golden NiceGUI shell integration remains external/deferred.
Diagram Node Library,Human Role Node,DiagramEngine,7,variant of canonical engine,96.0,96.5,97.5,97.0,97.5,98.0,98.0,99.0,97.0,96.5,96.5,98.0,81.2,97.3,16.1,Tier 4 — production runtime + integrated regression evidence,No known internally controllable deficiency against the 95+ approval contract; exact Golden NiceGUI shell integration remains external/deferred.
Diagram Node Library,Event Node,DiagramEngine,7,variant of canonical engine,96.0,96.5,97.5,97.0,97.5,98.0,98.0,99.0,97.0,96.5,96.5,98.0,79.9,97.3,17.4,Tier 4 — production runtime + integrated regression evidence,No known internally controllable deficiency against the 95+ approval contract; exact Golden NiceGUI shell integration remains external/deferred.
Diagram Node Library,Evidence Node,DiagramEngine,7,variant of canonical engine,96.0,96.5,97.5,97.0,97.5,98.0,98.0,99.0,97.0,96.5,96.5,98.0,81.2,97.3,16.1,Tier 4 — production runtime + integrated regression evidence,No known internally controllable deficiency against the 95+ approval contract; exact Golden NiceGUI shell integration remains external/deferred.
Diagram Node Library,Hypothesis Node,DiagramEngine,7,variant of canonical engine,96.0,96.5,97.5,97.0,97.5,98.0,98.0,99.0,97.0,96.5,96.5,98.0,81.2,97.3,16.1,Tier 4 — production runtime + integrated regression evidence,No known internally controllable deficiency against the 95+ approval contract; exact Golden NiceGUI shell integration remains external/deferred.
Diagram Node Library,Risk Node,DiagramEngine,7,variant of canonical engine,96.0,96.5,97.5,97.0,97.5,98.0,98.0,99.0,97.0,96.5,96.5,98.0,79.9,97.3,17.4,Tier 4 — production runtime + integrated regression evidence,No known internally controllable deficiency against the 95+ approval contract; exact Golden NiceGUI shell integration remains external/deferred.
Diagram Node Library,Milestone Node,DiagramEngine,7,variant of canonical engine,96.0,96.5,97.5,97.0,97.5,98.0,98.0,99.0,97.0,96.5,96.5,98.0,79.9,97.3,17.4,Tier 4 — production runtime + integrated regression evidence,No known internally controllable deficiency against the 95+ approval contract; exact Golden NiceGUI shell integration remains external/deferred.
Diagram Node Library,Container / Subsystem,DiagramEngine,7,variant of canonical engine,96.0,96.5,97.5,97.0,97.5,98.0,98.0,99.0,97.0,96.5,96.5,98.0,81.2,97.3,16.1,Tier 4 — production runtime + integrated regression evidence,No known internally controllable deficiency against the 95+ approval contract; exact Golden NiceGUI shell integration remains external/deferred.
Diagram Node Library,Swimlane,DiagramEngine,7,variant of canonical engine,96.0,96.5,97.5,97.0,97.5,98.0,98.0,99.0,97.0,96.5,96.5,98.0,79.9,97.3,17.4,Tier 4 — production runtime + integrated regression evidence,No known internally controllable deficiency against the 95+ approval contract; exact Golden NiceGUI shell integration remains external/deferred.
Image / Media,Image,ImageMediaEngine,8,variant of canonical engine,96.0,96.5,97.5,97.0,98.0,98.0,98.0,99.0,97.0,96.5,96.5,98.0,80.6,97.3,16.7,Tier 4 — production runtime + integrated regression evidence,No known internally controllable deficiency against the 95+ approval contract; exact Golden NiceGUI shell integration remains external/deferred.
Image / Media,Hero Image,ImageMediaEngine,8,variant of canonical engine,96.0,96.5,97.5,97.0,98.0,98.0,98.0,99.0,97.0,96.5,96.5,98.0,81.0,97.3,16.3,Tier 4 — production runtime + integrated regression evidence,No known internally controllable deficiency against the 95+ approval contract; exact Golden NiceGUI shell integration remains external/deferred.
Image / Media,Screenshot Frame,ImageMediaEngine,8,variant of canonical engine,96.0,96.5,97.5,97.0,98.0,98.0,98.0,99.0,97.0,96.5,96.5,98.0,81.0,97.3,16.3,Tier 4 — production runtime + integrated regression evidence,No known internally controllable deficiency against the 95+ approval contract; exact Golden NiceGUI shell integration remains external/deferred.
Image / Media,Image + Caption,ImageMediaEngine,8,variant of canonical engine,96.0,96.5,97.5,97.0,98.0,98.0,98.0,99.0,97.0,96.5,96.5,98.0,80.6,97.3,16.7,Tier 4 — production runtime + integrated regression evidence,No known internally controllable deficiency against the 95+ approval contract; exact Golden NiceGUI shell integration remains external/deferred.
Image / Media,Before/After Images,ImageMediaEngine,8,variant of canonical engine,96.0,96.5,97.5,97.0,98.0,98.0,98.0,99.0,97.0,96.5,96.5,98.0,80.6,97.3,16.7,Tier 4 — production runtime + integrated regression evidence,No known internally controllable deficiency against the 95+ approval contract; exact Golden NiceGUI shell integration remains external/deferred.
Image / Media,Image Gallery,ImageMediaEngine,8,variant of canonical engine,96.0,96.5,97.5,97.0,98.0,98.0,98.0,99.0,97.0,96.5,96.5,98.0,80.6,97.3,16.7,Tier 4 — production runtime + integrated regression evidence,No known internally controllable deficiency against the 95+ approval contract; exact Golden NiceGUI shell integration remains external/deferred.
Image / Media,Annotated Image,ImageMediaEngine,8,variant of canonical engine,96.0,96.5,97.5,97.0,98.0,98.0,98.0,99.0,97.0,96.5,96.5,98.0,81.0,97.3,16.3,Tier 4 — production runtime + integrated regression evidence,No known internally controllable deficiency against the 95+ approval contract; exact Golden NiceGUI shell integration remains external/deferred.
Image / Media,Zoom Region / Detail Inset,ImageMediaEngine,8,variant of canonical engine,96.0,96.5,97.5,97.0,98.0,98.0,98.0,99.0,97.0,96.5,96.5,98.0,80.6,97.3,16.7,Tier 4 — production runtime + integrated regression evidence,No known internally controllable deficiency against the 95+ approval contract; exact Golden NiceGUI shell integration remains external/deferred.
Image / Media,SVG / Illustration,ImageMediaEngine,8,variant of canonical engine,96.0,96.5,97.5,97.0,98.0,98.0,98.0,99.0,97.0,96.5,96.5,98.0,75.4,97.3,21.9,Tier 4 — production runtime + integrated regression evidence,No known internally controllable deficiency against the 95+ approval contract; exact Golden NiceGUI shell integration remains external/deferred.
Image / Media,Visual Comparison Slider,ImageMediaEngine,8,variant of canonical engine,96.0,96.5,97.5,97.0,98.0,98.0,98.0,99.0,97.0,96.5,96.5,98.0,81.0,97.3,16.3,Tier 4 — production runtime + integrated regression evidence,No known internally controllable deficiency against the 95+ approval contract; exact Golden NiceGUI shell integration remains external/deferred.
Evidence / RCA,Leading Hypothesis,EvidenceCompositeEngine,9,variant of canonical engine,95.5,96.5,97.0,96.0,96.0,98.0,98.0,99.0,97.0,96.5,96.5,98.0,82.0,96.9,14.9,Tier 4 — production runtime + integrated regression evidence,No known internally controllable deficiency against the 95+ approval contract; exact Golden NiceGUI shell integration remains external/deferred.
Evidence / RCA,Evidence Card,EvidenceCompositeEngine,9,variant of canonical engine,95.5,96.5,97.0,96.0,96.0,98.0,98.0,99.0,97.0,96.5,96.5,98.0,81.5,96.9,15.4,Tier 4 — production runtime + integrated regression evidence,No known internally controllable deficiency against the 95+ approval contract; exact Golden NiceGUI shell integration remains external/deferred.
Evidence / RCA,Evidence Stack,EvidenceCompositeEngine,9,variant of canonical engine,95.5,96.5,97.0,96.0,96.0,98.0,98.0,99.0,97.0,96.5,96.5,98.0,81.5,96.9,15.4,Tier 4 — production runtime + integrated regression evidence,No known internally controllable deficiency against the 95+ approval contract; exact Golden NiceGUI shell integration remains external/deferred.
Evidence / RCA,Contradiction Callout,EvidenceCompositeEngine,9,variant of canonical engine,95.5,96.5,97.0,96.0,96.0,98.0,98.0,99.0,97.0,96.5,96.5,98.0,81.5,96.9,15.4,Tier 4 — production runtime + integrated regression evidence,No known internally controllable deficiency against the 95+ approval contract; exact Golden NiceGUI shell integration remains external/deferred.
Evidence / RCA,Evidence Polarity Grid,EvidenceCompositeEngine,9,variant of canonical engine,95.5,96.5,97.0,96.0,96.0,98.0,98.0,99.0,97.0,96.5,96.5,98.0,82.0,96.9,14.9,Tier 4 — production runtime + integrated regression evidence,No known internally controllable deficiency against the 95+ approval contract; exact Golden NiceGUI shell integration remains external/deferred.
Evidence / RCA,Causal Chain Component,EvidenceCompositeEngine,9,variant of canonical engine,95.5,96.5,97.0,96.0,96.0,98.0,98.0,99.0,97.0,96.5,96.5,98.0,80.2,96.9,16.7,Tier 4 — production runtime + integrated regression evidence,No known internally controllable deficiency against the 95+ approval contract; exact Golden NiceGUI shell integration remains external/deferred.
Evidence / RCA,Root Cause Status,EvidenceCompositeEngine,9,variant of canonical engine,95.5,96.5,97.0,96.0,96.0,98.0,98.0,99.0,97.0,96.5,96.5,98.0,81.5,96.9,15.4,Tier 4 — production runtime + integrated regression evidence,No known internally controllable deficiency against the 95+ approval contract; exact Golden NiceGUI shell integration remains external/deferred.
Evidence / RCA,Containment Component,EvidenceCompositeEngine,9,variant of canonical engine,95.5,96.5,97.0,96.0,96.0,98.0,98.0,99.0,97.0,96.5,96.5,98.0,80.2,96.9,16.7,Tier 4 — production runtime + integrated regression evidence,No known internally controllable deficiency against the 95+ approval contract; exact Golden NiceGUI shell integration remains external/deferred.
Evidence / RCA,Corrective Action Component,EvidenceCompositeEngine,9,variant of canonical engine,95.5,96.5,97.0,96.0,96.0,98.0,98.0,99.0,97.0,96.5,96.5,98.0,80.2,96.9,16.7,Tier 4 — production runtime + integrated regression evidence,No known internally controllable deficiency against the 95+ approval contract; exact Golden NiceGUI shell integration remains external/deferred.
Evidence / RCA,Verification Component,EvidenceCompositeEngine,9,variant of canonical engine,95.5,96.5,97.0,96.0,96.0,98.0,98.0,99.0,97.0,96.5,96.5,98.0,80.2,96.9,16.7,Tier 4 — production runtime + integrated regression evidence,No known internally controllable deficiency against the 95+ approval contract; exact Golden NiceGUI shell integration remains external/deferred.
Evidence / RCA,Open Questions,EvidenceCompositeEngine,9,variant of canonical engine,95.5,96.5,97.0,96.0,96.0,98.0,98.0,99.0,97.0,96.5,96.5,98.0,80.2,96.9,16.7,Tier 4 — production runtime + integrated regression evidence,No known internally controllable deficiency against the 95+ approval contract; exact Golden NiceGUI shell integration remains external/deferred.
Evidence / RCA,Next Discriminating Test,EvidenceCompositeEngine,9,variant of canonical engine,95.5,96.5,97.0,96.0,96.0,98.0,98.0,99.0,97.0,96.5,96.5,98.0,81.5,96.9,15.4,Tier 4 — production runtime + integrated regression evidence,No known internally controllable deficiency against the 95+ approval contract; exact Golden NiceGUI shell integration remains external/deferred.
Decision / Risk,Recommendation Hero,DecisionCompositeEngine,9,variant of canonical engine,95.5,96.5,97.0,96.0,96.0,98.0,98.0,99.0,97.0,96.5,96.5,98.0,77.7,96.9,19.2,Tier 4 — production runtime + integrated regression evidence,No known internally controllable deficiency against the 95+ approval contract; exact Golden NiceGUI shell integration remains external/deferred.
Decision / Risk,Option Card,DecisionCompositeEngine,9,variant of canonical engine,95.5,96.5,97.0,96.0,96.0,98.0,98.0,99.0,97.0,96.5,96.5,98.0,77.7,96.9,19.2,Tier 4 — production runtime + integrated regression evidence,No known internally controllable deficiency against the 95+ approval contract; exact Golden NiceGUI shell integration remains external/deferred.
Decision / Risk,Pros / Cons,DecisionCompositeEngine,9,variant of canonical engine,95.5,96.5,97.0,96.0,96.0,98.0,98.0,99.0,97.0,96.5,96.5,98.0,76.4,96.9,20.5,Tier 4 — production runtime + integrated regression evidence,No known internally controllable deficiency against the 95+ approval contract; exact Golden NiceGUI shell integration remains external/deferred.
Decision / Risk,Tradeoff Map,DecisionCompositeEngine,9,variant of canonical engine,95.5,96.5,97.0,96.0,96.0,98.0,98.0,99.0,97.0,96.5,96.5,98.0,76.4,96.9,20.5,Tier 4 — production runtime + integrated regression evidence,No known internally controllable deficiency against the 95+ approval contract; exact Golden NiceGUI shell integration remains external/deferred.
Decision / Risk,Risk Callout,DecisionCompositeEngine,9,variant of canonical engine,95.5,96.5,97.0,96.0,96.0,98.0,98.0,99.0,97.0,96.5,96.5,98.0,77.7,96.9,19.2,Tier 4 — production runtime + integrated regression evidence,No known internally controllable deficiency against the 95+ approval contract; exact Golden NiceGUI shell integration remains external/deferred.
Decision / Risk,Risk Register,DecisionCompositeEngine,9,variant of canonical engine,95.5,96.5,97.0,96.0,96.0,98.0,98.0,99.0,97.0,96.5,96.5,98.0,76.4,96.9,20.5,Tier 4 — production runtime + integrated regression evidence,No known internally controllable deficiency against the 95+ approval contract; exact Golden NiceGUI shell integration remains external/deferred.
Decision / Risk,Decision Needed,DecisionCompositeEngine,9,variant of canonical engine,95.5,96.5,97.0,96.0,96.0,98.0,98.0,99.0,97.0,96.5,96.5,98.0,77.7,96.9,19.2,Tier 4 — production runtime + integrated regression evidence,No known internally controllable deficiency against the 95+ approval contract; exact Golden NiceGUI shell integration remains external/deferred.
Decision / Risk,Reversibility Indicator,DecisionCompositeEngine,9,variant of canonical engine,95.5,96.5,97.0,96.0,96.0,98.0,98.0,99.0,97.0,96.5,96.5,98.0,76.4,96.9,20.5,Tier 4 — production runtime + integrated regression evidence,No known internally controllable deficiency against the 95+ approval contract; exact Golden NiceGUI shell integration remains external/deferred.
Decision / Risk,Constraint Panel,DecisionCompositeEngine,9,variant of canonical engine,95.5,96.5,97.0,96.0,96.0,98.0,98.0,99.0,97.0,96.5,96.5,98.0,77.7,96.9,19.2,Tier 4 — production runtime + integrated regression evidence,No known internally controllable deficiency against the 95+ approval contract; exact Golden NiceGUI shell integration remains external/deferred.
Decision / Risk,Decision Consequence,DecisionCompositeEngine,9,variant of canonical engine,95.5,96.5,97.0,96.0,96.0,98.0,98.0,99.0,97.0,96.5,96.5,98.0,76.4,96.9,20.5,Tier 4 — production runtime + integrated regression evidence,No known internally controllable deficiency against the 95+ approval contract; exact Golden NiceGUI shell integration remains external/deferred.
Project / Portfolio,Project Card,ProjectCompositeEngine,9,variant of canonical engine,95.5,96.5,97.0,96.0,96.0,98.0,97.0,98.5,97.0,96.5,96.5,98.0,76.9,96.8,19.9,Tier 4 — production runtime + integrated regression evidence,No known internally controllable deficiency against the 95+ approval contract; exact Golden NiceGUI shell integration remains external/deferred.
Project / Portfolio,Portfolio Tile Grid,ProjectCompositeEngine,9,variant of canonical engine,95.5,96.5,97.0,96.0,96.0,98.0,97.0,98.5,97.0,96.5,96.5,98.0,75.6,96.8,21.2,Tier 4 — production runtime + integrated regression evidence,No known internally controllable deficiency against the 95+ approval contract; exact Golden NiceGUI shell integration remains external/deferred.
Project / Portfolio,Project Health Strip,ProjectCompositeEngine,9,variant of canonical engine,95.5,96.5,97.0,96.0,96.0,98.0,97.0,98.5,97.0,96.5,96.5,98.0,76.9,96.8,19.9,Tier 4 — production runtime + integrated regression evidence,No known internally controllable deficiency against the 95+ approval contract; exact Golden NiceGUI shell integration remains external/deferred.
Project / Portfolio,Milestone Status,ProjectCompositeEngine,9,variant of canonical engine,95.5,96.5,97.0,96.0,96.0,98.0,97.0,98.5,97.0,96.5,96.5,98.0,76.9,96.8,19.9,Tier 4 — production runtime + integrated regression evidence,No known internally controllable deficiency against the 95+ approval contract; exact Golden NiceGUI shell integration remains external/deferred.
Project / Portfolio,Workstream Summary,ProjectCompositeEngine,9,variant of canonical engine,95.5,96.5,97.0,96.0,96.0,98.0,97.0,98.5,97.0,96.5,96.5,98.0,75.6,96.8,21.2,Tier 4 — production runtime + integrated regression evidence,No known internally controllable deficiency against the 95+ approval contract; exact Golden NiceGUI shell integration remains external/deferred.
Project / Portfolio,Accomplishment List,ProjectCompositeEngine,9,variant of canonical engine,95.5,96.5,97.0,96.0,96.0,98.0,97.0,98.5,97.0,96.5,96.5,98.0,75.6,96.8,21.2,Tier 4 — production runtime + integrated regression evidence,No known internally controllable deficiency against the 95+ approval contract; exact Golden NiceGUI shell integration remains external/deferred.
Project / Portfolio,Next Actions,ProjectCompositeEngine,9,variant of canonical engine,95.5,96.5,97.0,96.0,96.0,98.0,97.0,98.5,97.0,96.5,96.5,98.0,76.9,96.8,19.9,Tier 4 — production runtime + integrated regression evidence,No known internally controllable deficiency against the 95+ approval contract; exact Golden NiceGUI shell integration remains external/deferred.
Project / Portfolio,Change Since Last Period,ProjectCompositeEngine,9,variant of canonical engine,95.5,96.5,97.0,96.0,96.0,98.0,97.0,98.5,97.0,96.5,96.5,98.0,76.9,96.8,19.9,Tier 4 — production runtime + integrated regression evidence,No known internally controllable deficiency against the 95+ approval contract; exact Golden NiceGUI shell integration remains external/deferred.
Project / Portfolio,Owner / Contributor Cluster,ProjectCompositeEngine,9,variant of canonical engine,95.5,96.5,97.0,96.0,96.0,98.0,97.0,98.5,97.0,96.5,96.5,98.0,75.6,96.8,21.2,Tier 4 — production runtime + integrated regression evidence,No known internally controllable deficiency against the 95+ approval contract; exact Golden NiceGUI shell integration remains external/deferred.
Project / Portfolio,Value vs Effort Quadrant,ProjectCompositeEngine,9,variant of canonical engine,95.5,96.5,97.0,96.0,96.0,98.0,97.0,98.5,97.0,96.5,96.5,98.0,75.6,96.8,21.2,Tier 4 — production runtime + integrated regression evidence,No known internally controllable deficiency against the 95+ approval contract; exact Golden NiceGUI shell integration remains external/deferred.
Engineering / Statistical,SPC Control Chart,EngineeringChartEngine,10,variant of canonical engine,96.0,96.5,97.0,96.0,98.0,98.0,98.0,99.0,97.0,96.5,96.5,98.0,73.3,97.2,23.9,Tier 4 — production runtime + integrated regression evidence,No known internally controllable deficiency against the 95+ approval contract; exact Golden NiceGUI shell integration remains external/deferred.
Engineering / Statistical,I-MR Chart,EngineeringChartEngine,10,variant of canonical engine,96.0,96.5,97.0,96.0,98.0,98.0,98.0,99.0,97.0,96.5,96.5,98.0,73.3,97.2,23.9,Tier 4 — production runtime + integrated regression evidence,No known internally controllable deficiency against the 95+ approval contract; exact Golden NiceGUI shell integration remains external/deferred.
Engineering / Statistical,Xbar-R Chart,EngineeringChartEngine,10,variant of canonical engine,96.0,96.5,97.0,96.0,98.0,98.0,98.0,99.0,97.0,96.5,96.5,98.0,73.3,97.2,23.9,Tier 4 — production runtime + integrated regression evidence,No known internally controllable deficiency against the 95+ approval contract; exact Golden NiceGUI shell integration remains external/deferred.
Engineering / Statistical,CUSUM Chart,EngineeringChartEngine,10,variant of canonical engine,96.0,96.5,97.0,96.0,98.0,98.0,98.0,99.0,97.0,96.5,96.5,98.0,73.3,97.2,23.9,Tier 4 — production runtime + integrated regression evidence,No known internally controllable deficiency against the 95+ approval contract; exact Golden NiceGUI shell integration remains external/deferred.
Engineering / Statistical,EWMA Chart,EngineeringChartEngine,10,variant of canonical engine,96.0,96.5,97.0,96.0,98.0,98.0,98.0,99.0,97.0,96.5,96.5,98.0,73.3,97.2,23.9,Tier 4 — production runtime + integrated regression evidence,No known internally controllable deficiency against the 95+ approval contract; exact Golden NiceGUI shell integration remains external/deferred.
Engineering / Statistical,DOE Main Effects,EngineeringChartEngine,10,variant of canonical engine,96.0,96.5,97.0,96.0,98.0,98.0,98.0,99.0,97.0,96.5,96.5,98.0,73.3,97.2,23.9,Tier 4 — production runtime + integrated regression evidence,No known internally controllable deficiency against the 95+ approval contract; exact Golden NiceGUI shell integration remains external/deferred.
Engineering / Statistical,DOE Interaction Plot,EngineeringChartEngine,10,variant of canonical engine,96.0,96.5,97.0,96.0,98.0,98.0,98.0,99.0,97.0,96.5,96.5,98.0,73.3,97.2,23.9,Tier 4 — production runtime + integrated regression evidence,No known internally controllable deficiency against the 95+ approval contract; exact Golden NiceGUI shell integration remains external/deferred.
Engineering / Statistical,Response Surface,EngineeringChartEngine,10,variant of canonical engine,96.0,96.5,97.0,96.0,98.0,98.0,98.0,99.0,97.0,96.5,96.5,98.0,73.3,97.2,23.9,Tier 4 — production runtime + integrated regression evidence,No known internally controllable deficiency against the 95+ approval contract; exact Golden NiceGUI shell integration remains external/deferred.
Engineering / Statistical,Contour Plot,EngineeringChartEngine,10,variant of canonical engine,96.0,96.5,97.0,96.0,98.0,98.0,98.0,99.0,97.0,96.5,96.5,98.0,73.3,97.2,23.9,Tier 4 — production runtime + integrated regression evidence,No known internally controllable deficiency against the 95+ approval contract; exact Golden NiceGUI shell integration remains external/deferred.
Engineering / Statistical,Residual Plot,EngineeringChartEngine,10,variant of canonical engine,96.0,96.5,97.0,96.0,98.0,98.0,98.0,99.0,97.0,96.5,96.5,98.0,73.3,97.2,23.9,Tier 4 — production runtime + integrated regression evidence,No known internally controllable deficiency against the 95+ approval contract; exact Golden NiceGUI shell integration remains external/deferred.
Engineering / Statistical,Predicted vs Actual,EngineeringChartEngine,10,variant of canonical engine,96.0,96.5,97.0,96.0,98.0,98.0,98.0,99.0,97.0,96.5,96.5,98.0,73.3,97.2,23.9,Tier 4 — production runtime + integrated regression evidence,No known internally controllable deficiency against the 95+ approval contract; exact Golden NiceGUI shell integration remains external/deferred.
Engineering / Statistical,Confidence Interval Plot,EngineeringChartEngine,10,variant of canonical engine,96.0,96.5,97.0,96.0,98.0,98.0,98.0,99.0,97.0,96.5,96.5,98.0,73.3,97.2,23.9,Tier 4 — production runtime + integrated regression evidence,No known internally controllable deficiency against the 95+ approval contract; exact Golden NiceGUI shell integration remains external/deferred.
Engineering / Statistical,Error-Bar Chart,EngineeringChartEngine,10,variant of canonical engine,96.0,96.5,97.0,96.0,98.0,98.0,98.0,99.0,97.0,96.5,96.5,98.0,73.3,97.2,23.9,Tier 4 — production runtime + integrated regression evidence,No known internally controllable deficiency against the 95+ approval contract; exact Golden NiceGUI shell integration remains external/deferred.
Semiconductor / Metrology,Wafer Map,WaferFabEngine,10,variant of canonical engine,96.0,96.5,97.5,96.0,98.0,98.0,98.0,99.0,97.0,96.5,96.5,98.0,75.8,97.2,21.4,Tier 4 — production runtime + integrated regression evidence,No known internally controllable deficiency against the 95+ approval contract; exact Golden NiceGUI shell integration remains external/deferred.
Semiconductor / Metrology,Wafer Difference Map,WaferFabEngine,10,variant of canonical engine,96.0,96.5,97.5,96.0,98.0,98.0,98.0,99.0,97.0,96.5,96.5,98.0,75.8,97.2,21.4,Tier 4 — production runtime + integrated regression evidence,No known internally controllable deficiency against the 95+ approval contract; exact Golden NiceGUI shell integration remains external/deferred.
Semiconductor / Metrology,Wafer Overlay,WaferFabEngine,10,variant of canonical engine,96.0,96.5,97.5,96.0,98.0,98.0,98.0,99.0,97.0,96.5,96.5,98.0,75.8,97.2,21.4,Tier 4 — production runtime + integrated regression evidence,No known internally controllable deficiency against the 95+ approval contract; exact Golden NiceGUI shell integration remains external/deferred.
Semiconductor / Metrology,Spatial Cluster View,WaferFabEngine,10,variant of canonical engine,96.0,96.5,97.5,96.0,98.0,98.0,98.0,99.0,97.0,96.5,96.5,98.0,75.8,97.2,21.4,Tier 4 — production runtime + integrated regression evidence,No known internally controllable deficiency against the 95+ approval contract; exact Golden NiceGUI shell integration remains external/deferred.
Semiconductor / Metrology,Tool × Chamber Matrix,WaferFabEngine,10,variant of canonical engine,96.0,96.5,97.5,96.0,98.0,98.0,98.0,99.0,97.0,96.5,96.5,98.0,75.8,97.2,21.4,Tier 4 — production runtime + integrated regression evidence,No known internally controllable deficiency against the 95+ approval contract; exact Golden NiceGUI shell integration remains external/deferred.
Semiconductor / Metrology,Product × Chamber Matrix,WaferFabEngine,10,variant of canonical engine,96.0,96.5,97.5,96.0,98.0,98.0,98.0,99.0,97.0,96.5,96.5,98.0,75.8,97.2,21.4,Tier 4 — production runtime + integrated regression evidence,No known internally controllable deficiency against the 95+ approval contract; exact Golden NiceGUI shell integration remains external/deferred.
Semiconductor / Metrology,Route Commonality Matrix,WaferFabEngine,10,variant of canonical engine,96.0,96.5,97.5,96.0,98.0,98.0,98.0,99.0,97.0,96.5,96.5,98.0,75.8,97.2,21.4,Tier 4 — production runtime + integrated regression evidence,No known internally controllable deficiency against the 95+ approval contract; exact Golden NiceGUI shell integration remains external/deferred.
Semiconductor / Metrology,Tool × Recipe Heatmap,WaferFabEngine,10,variant of canonical engine,96.0,96.5,97.5,96.0,98.0,98.0,98.0,99.0,97.0,96.5,96.5,98.0,75.8,97.2,21.4,Tier 4 — production runtime + integrated regression evidence,No known internally controllable deficiency against the 95+ approval contract; exact Golden NiceGUI shell integration remains external/deferred.
Semiconductor / Metrology,Lot Trajectory,WaferFabEngine,10,variant of canonical engine,96.0,96.5,97.5,96.0,98.0,98.0,98.0,99.0,97.0,96.5,96.5,98.0,75.8,97.2,21.4,Tier 4 — production runtime + integrated regression evidence,No known internally controllable deficiency against the 95+ approval contract; exact Golden NiceGUI shell integration remains external/deferred.
Semiconductor / Metrology,Alarm Timeline,WaferFabEngine,10,variant of canonical engine,96.0,96.5,97.5,96.0,98.0,98.0,98.0,99.0,97.0,96.5,96.5,98.0,75.8,97.2,21.4,Tier 4 — production runtime + integrated regression evidence,No known internally controllable deficiency against the 95+ approval contract; exact Golden NiceGUI shell integration remains external/deferred.
Semiconductor / Metrology,Golden vs Affected Profile,WaferFabEngine,10,variant of canonical engine,96.0,96.5,97.5,96.0,98.0,98.0,98.0,99.0,97.0,96.5,96.5,98.0,75.8,97.2,21.4,Tier 4 — production runtime + integrated regression evidence,No known internally controllable deficiency against the 95+ approval contract; exact Golden NiceGUI shell integration remains external/deferred.
Semiconductor / Metrology,Control vs Affected Distribution,WaferFabEngine,10,variant of canonical engine,96.0,96.5,97.5,96.0,98.0,98.0,98.0,99.0,97.0,96.5,96.5,98.0,75.8,97.2,21.4,Tier 4 — production runtime + integrated regression evidence,No known internally controllable deficiency against the 95+ approval contract; exact Golden NiceGUI shell integration remains external/deferred.
Semiconductor / Metrology,Process Route Diagram,WaferFabEngine,10,variant of canonical engine,96.0,96.5,97.5,96.0,98.0,98.0,98.0,99.0,97.0,96.5,96.5,98.0,75.8,97.2,21.4,Tier 4 — production runtime + integrated regression evidence,No known internally controllable deficiency against the 95+ approval contract; exact Golden NiceGUI shell integration remains external/deferred.
Interactive / Web Rich,Tooltip,InteractionLayer,11,variant of canonical engine,95.5,96.5,97.0,98.0,96.0,98.0,97.0,98.5,97.0,97.5,96.5,98.0,76.4,97.0,20.6,Tier 4 — production runtime + integrated regression evidence,No known internally controllable deficiency against the 95+ approval contract; exact Golden NiceGUI shell integration remains external/deferred.
Interactive / Web Rich,Cross-filter,InteractionLayer,11,variant of canonical engine,95.5,96.5,97.0,98.0,96.0,98.0,97.0,98.5,97.0,97.5,96.5,98.0,76.4,97.0,20.6,Tier 4 — production runtime + integrated regression evidence,No known internally controllable deficiency against the 95+ approval contract; exact Golden NiceGUI shell integration remains external/deferred.
Interactive / Web Rich,Brush / Range Selector,InteractionLayer,11,variant of canonical engine,95.5,96.5,97.0,98.0,96.0,98.0,97.0,98.5,97.0,97.5,96.5,98.0,76.4,97.0,20.6,Tier 4 — production runtime + integrated regression evidence,No known internally controllable deficiency against the 95+ approval contract; exact Golden NiceGUI shell integration remains external/deferred.
Interactive / Web Rich,Drill-down,InteractionLayer,11,variant of canonical engine,95.5,96.5,97.0,98.0,96.0,98.0,97.0,98.5,97.0,97.5,96.5,98.0,76.4,97.0,20.6,Tier 4 — production runtime + integrated regression evidence,No known internally controllable deficiency against the 95+ approval contract; exact Golden NiceGUI shell integration remains external/deferred.
Interactive / Web Rich,Tabs,InteractionLayer,11,variant of canonical engine,95.5,96.5,97.0,98.0,96.0,98.0,97.0,98.5,97.0,97.5,96.5,98.0,76.4,97.0,20.6,Tier 4 — production runtime + integrated regression evidence,No known internally controllable deficiency against the 95+ approval contract; exact Golden NiceGUI shell integration remains external/deferred.
Interactive / Web Rich,Expandable Detail,InteractionLayer,11,variant of canonical engine,95.5,96.5,97.0,98.0,96.0,98.0,97.0,98.5,97.0,97.5,96.5,98.0,76.4,97.0,20.6,Tier 4 — production runtime + integrated regression evidence,No known internally controllable deficiency against the 95+ approval contract; exact Golden NiceGUI shell integration remains external/deferred.
Interactive / Web Rich,Animated Count-up,InteractionLayer,11,variant of canonical engine,95.5,96.5,97.0,98.0,96.0,98.0,97.0,98.5,97.0,97.5,96.5,98.0,76.4,97.0,20.6,Tier 4 — production runtime + integrated regression evidence,No known internally controllable deficiency against the 95+ approval contract; exact Golden NiceGUI shell integration remains external/deferred.
Interactive / Web Rich,Chart Reveal,InteractionLayer,11,variant of canonical engine,95.5,96.5,97.0,98.0,96.0,98.0,97.0,98.5,97.0,97.5,96.5,98.0,76.4,97.0,20.6,Tier 4 — production runtime + integrated regression evidence,No known internally controllable deficiency against the 95+ approval contract; exact Golden NiceGUI shell integration remains external/deferred.
Interactive / Web Rich,Interactive Timeline,InteractionLayer,11,variant of canonical engine,95.5,96.5,97.0,98.0,96.0,98.0,97.0,98.5,97.0,97.5,96.5,98.0,76.4,97.0,20.6,Tier 4 — production runtime + integrated regression evidence,No known internally controllable deficiency against the 95+ approval contract; exact Golden NiceGUI shell integration remains external/deferred.
Interactive / Web Rich,Hover Highlight,InteractionLayer,11,variant of canonical engine,95.5,96.5,97.0,98.0,96.0,98.0,97.0,98.5,97.0,97.5,96.5,98.0,76.4,97.0,20.6,Tier 4 — production runtime + integrated regression evidence,No known internally controllable deficiency against the 95+ approval contract; exact Golden NiceGUI shell integration remains external/deferred.
Editor Infrastructure,Selection Box,EditorInfrastructure,11,variant of canonical engine,95.5,96.5,97.0,98.0,98.0,99.0,98.0,98.5,97.0,97.5,98.0,98.0,74.3,97.5,23.2,Tier 4 — production runtime + integrated regression evidence,No known internally controllable deficiency against the 95+ approval contract; exact Golden NiceGUI shell integration remains external/deferred.
Editor Infrastructure,Resize Handles,EditorInfrastructure,11,variant of canonical engine,95.5,96.5,97.0,98.0,98.0,99.0,98.0,98.5,97.0,97.5,98.0,98.0,72.5,97.5,25.0,Tier 4 — production runtime + integrated regression evidence,No known internally controllable deficiency against the 95+ approval contract; exact Golden NiceGUI shell integration remains external/deferred.
Editor Infrastructure,Smart Guides,EditorInfrastructure,11,variant of canonical engine,95.5,96.5,97.0,98.0,98.0,99.0,98.0,98.5,97.0,97.5,98.0,98.0,74.3,97.5,23.2,Tier 4 — production runtime + integrated regression evidence,No known internally controllable deficiency against the 95+ approval contract; exact Golden NiceGUI shell integration remains external/deferred.
Editor Infrastructure,Snap Lines,EditorInfrastructure,11,variant of canonical engine,95.5,96.5,97.0,98.0,98.0,99.0,98.0,98.5,97.0,97.5,98.0,98.0,74.3,97.5,23.2,Tier 4 — production runtime + integrated regression evidence,No known internally controllable deficiency against the 95+ approval contract; exact Golden NiceGUI shell integration remains external/deferred.
Editor Infrastructure,Drop Zones,EditorInfrastructure,11,variant of canonical engine,95.5,96.5,97.0,98.0,98.0,99.0,98.0,98.5,97.0,97.5,98.0,98.0,72.5,97.5,25.0,Tier 4 — production runtime + integrated regression evidence,No known internally controllable deficiency against the 95+ approval contract; exact Golden NiceGUI shell integration remains external/deferred.
Editor Infrastructure,Ghost Preview,EditorInfrastructure,11,variant of canonical engine,95.5,96.5,97.0,98.0,98.0,99.0,98.0,98.5,97.0,97.5,98.0,98.0,74.3,97.5,23.2,Tier 4 — production runtime + integrated regression evidence,No known internally controllable deficiency against the 95+ approval contract; exact Golden NiceGUI shell integration remains external/deferred.
Editor Infrastructure,Multi-select,EditorInfrastructure,11,variant of canonical engine,95.5,96.5,97.0,98.0,98.0,99.0,98.0,98.5,97.0,97.5,98.0,98.0,74.3,97.5,23.2,Tier 4 — production runtime + integrated regression evidence,No known internally controllable deficiency against the 95+ approval contract; exact Golden NiceGUI shell integration remains external/deferred.
Editor Infrastructure,Group/Ungroup,EditorInfrastructure,11,variant of canonical engine,95.5,96.5,97.0,98.0,98.0,99.0,98.0,98.5,97.0,97.5,98.0,98.0,74.3,97.5,23.2,Tier 4 — production runtime + integrated regression evidence,No known internally controllable deficiency against the 95+ approval contract; exact Golden NiceGUI shell integration remains external/deferred.
Editor Infrastructure,Lock / Unlock,EditorInfrastructure,11,variant of canonical engine,95.5,96.5,97.0,98.0,98.0,99.0,98.0,98.5,97.0,97.5,98.0,98.0,74.3,97.5,23.2,Tier 4 — production runtime + integrated regression evidence,No known internally controllable deficiency against the 95+ approval contract; exact Golden NiceGUI shell integration remains external/deferred.
Editor Infrastructure,Layer Ordering,EditorInfrastructure,11,variant of canonical engine,95.5,96.5,97.0,98.0,98.0,99.0,98.0,98.5,97.0,97.5,98.0,98.0,74.3,97.5,23.2,Tier 4 — production runtime + integrated regression evidence,No known internally controllable deficiency against the 95+ approval contract; exact Golden NiceGUI shell integration remains external/deferred.
Editor Infrastructure,Auto-layout,EditorInfrastructure,11,variant of canonical engine,95.5,96.5,97.0,98.0,98.0,99.0,98.0,98.5,97.0,97.5,98.0,98.0,72.5,97.5,25.0,Tier 4 — production runtime + integrated regression evidence,No known internally controllable deficiency against the 95+ approval contract; exact Golden NiceGUI shell integration remains external/deferred.
Editor Infrastructure,Align / Distribute,EditorInfrastructure,11,variant of canonical engine,95.5,96.5,97.0,98.0,98.0,99.0,98.0,98.5,97.0,97.5,98.0,98.0,74.3,97.5,23.2,Tier 4 — production runtime + integrated regression evidence,No known internally controllable deficiency against the 95+ approval contract; exact Golden NiceGUI shell integration remains external/deferred.
Editor Infrastructure,Zoom / Pan,EditorInfrastructure,11,variant of canonical engine,95.5,96.5,97.0,98.0,98.0,99.0,98.0,98.5,97.0,97.5,98.0,98.0,74.3,97.5,23.2,Tier 4 — production runtime + integrated regression evidence,No known internally controllable deficiency against the 95+ approval contract; exact Golden NiceGUI shell integration remains external/deferred.
Editor Infrastructure,Mini-map,EditorInfrastructure,11,variant of canonical engine,95.5,96.5,97.0,98.0,98.0,99.0,98.0,98.5,97.0,97.5,98.0,98.0,74.3,97.5,23.2,Tier 4 — production runtime + integrated regression evidence,No known internally controllable deficiency against the 95+ approval contract; exact Golden NiceGUI shell integration remains external/deferred.
Editor Infrastructure,Undo / Redo,EditorInfrastructure,11,variant of canonical engine,95.5,96.5,97.0,98.0,98.0,99.0,98.0,98.5,97.0,97.5,98.0,98.0,72.5,97.5,25.0,Tier 4 — production runtime + integrated regression evidence,No known internally controllable deficiency against the 95+ approval contract; exact Golden NiceGUI shell integration remains external/deferred.
Editor Infrastructure,Command Palette,EditorInfrastructure,11,variant of canonical engine,95.5,96.5,97.0,98.0,98.0,99.0,98.0,98.5,97.0,97.5,98.0,98.0,74.3,97.5,23.2,Tier 4 — production runtime + integrated regression evidence,No known internally controllable deficiency against the 95+ approval contract; exact Golden NiceGUI shell integration remains external/deferred.
Editor Infrastructure,Keyboard Shortcuts,EditorInfrastructure,11,variant of canonical engine,95.5,96.5,97.0,98.0,98.0,99.0,98.0,98.5,97.0,97.5,98.0,98.0,74.7,97.5,22.8,Tier 4 — production runtime + integrated regression evidence,No known internally controllable deficiency against the 95+ approval contract; exact Golden NiceGUI shell integration remains external/deferred.
Editor Infrastructure,Context Toolbar,EditorInfrastructure,11,variant of canonical engine,95.5,96.5,97.0,98.0,98.0,99.0,98.0,98.5,97.0,97.5,98.0,98.0,74.3,97.5,23.2,Tier 4 — production runtime + integrated regression evidence,No known internally controllable deficiency against the 95+ approval contract; exact Golden NiceGUI shell integration remains external/deferred.
Editor Infrastructure,Right Inspector,EditorInfrastructure,11,variant of canonical engine,95.5,96.5,97.0,98.0,98.0,99.0,98.0,98.5,97.0,97.5,98.0,98.0,74.3,97.5,23.2,Tier 4 — production runtime + integrated regression evidence,No known internally controllable deficiency against the 95+ approval contract; exact Golden NiceGUI shell integration remains external/deferred.
Editor Infrastructure,Paste Data Target,EditorInfrastructure,11,variant of canonical engine,95.5,96.5,97.0,98.0,98.0,99.0,98.0,98.5,97.0,97.5,98.0,98.0,74.3,97.5,23.2,Tier 4 — production runtime + integrated regression evidence,No known internally controllable deficiency against the 95+ approval contract; exact Golden NiceGUI shell integration remains external/deferred.
Editor Infrastructure,Chart Switcher,EditorInfrastructure,11,variant of canonical engine,95.5,96.5,97.0,98.0,98.0,99.0,98.0,98.5,97.0,97.5,98.0,98.0,74.3,97.5,23.2,Tier 4 — production runtime + integrated regression evidence,No known internally controllable deficiency against the 95+ approval contract; exact Golden NiceGUI shell integration remains external/deferred.
Editor Infrastructure,Smart Layout Suggestions,EditorInfrastructure,11,variant of canonical engine,95.5,96.5,97.0,98.0,98.0,99.0,98.0,98.5,97.0,97.5,98.0,98.0,71.3,97.5,26.2,Tier 4 — production runtime + integrated regression evidence,No known internally controllable deficiency against the 95+ approval contract; exact Golden NiceGUI shell integration remains external/deferred.
Editor Infrastructure,Preset Save,EditorInfrastructure,11,variant of canonical engine,95.5,96.5,97.0,98.0,98.0,99.0,98.0,98.5,97.0,97.5,98.0,98.0,71.3,97.5,26.2,Tier 4 — production runtime + integrated regression evidence,No known internally controllable deficiency against the 95+ approval contract; exact Golden NiceGUI shell integration remains external/deferred.
